FK_SECAO,SECAO
1092,Frente De Loja
783,Frente De Loja
261,Frente De Loja
946,Frente De Loja
976,Frente De Loja
539,Frente De Loja
1015,Frente De Loja
905,Frente De Loja
848,Frente De Loja
832,Frente De Loja
616,Frente De Loja
1112,Frente De Loja
943,Frente De Loja
932,Frente De Loja
1561,Frente De Loja
65,Frente De Loja
522,Frente De Loja
164,Frente De Loja
942,Frente De Loja
937,Frente De Loja
908,Frente De Loja
1125,Frente De Loja
929,Frente De Loja
201,Frente De Loja
938,Frente De Loja
1072,Frente De Loja
322,Frente De Loja
1444,Frente De Loja
321,Frente De Loja
365,Frente De Loja
323,Frente De Loja
406,Frente De Loja
935,Frente De Loja
203,Frente De Loja
1167,Frente De Loja
1536,Frente De Loja
298,Frente De Loja
907,Frente De Loja
941,Frente De Loja
82,Frente De Loja
934,Frente De Loja
570,Frente De Loja
945,Frente De Loja
936,Frente De Loja
933,Frente De Loja
1443,Frente De Loja
425,Frente De Loja
578,Frente De Loja
808,Frente De Loja
199,Frente De Loja
204,Frente De Loja
931,Frente De Loja
200,Frente De Loja
482,Frente De Loja
944,Frente De Loja
902,Frente De Loja
1069,Frente De Loja
940,Frente De Loja
502,Frente De Loja
606,Frente De Loja
464,Frente De Loja
1442,Frente De Loja
1581,Frente De Loja
903,Frente De Loja
24,Frente De Loja
182,Frente De Loja
871,Frente De Loja
1056,Frente De Loja
930,Frente De Loja
906,Frente De Loja
